reservation_ID,Reserved_user,reservation_created_date,Inv_id,Inv_name,Inv_logo,Reservation_status,Reservation_status_comments,Reservation_expiry_date,Books
1000,sihi,01-02-2023,1,Learning python,,Issued,please return the book by feb 1st,01-02-2023,item1
1001,sumuk,01-03-2023,2,java,,Issued,plz return on march,01-03-2023,item2
1002,cheru,01-04-2023,3,java,,Issued,plz return on apr,01-04-2023,item3
1003,l,01-05-2023,4,java,,Issued,plz return on apr,01-05-2023,item1
1004,e,01-06-2023,5,java,,Issued,plz return on apr,01-06-2023,item2
1005,kk,01-07-2023,6,java,,Issued,plz return on apr,01-07-2023,item3
1006,j,01-08-2023,7,java,,Issued,plz return on apr,01-08-2023,item4
1007,p,01-09-2023,8,java,,Issued,plz return on apr,01-09-2023,item5
1008,o,01-10-2023,9,java,,Issued,plz return on apr,01-10-2023,item6
1009,h,01-11-2023,10,java,,Issued,plz return on apr,01-11-2023,item7
1010,h,01-12-2023,11,java,,Issued,plz return on apr,01-12-2023,item8
1011,g,01-13-2023,12,java,,Issued,plz return on apr,01-13-2023,item9
1012,f,03-11-2023,13,java,,Issued,plz return on apr,01-14-2023,item10
1013,rr,03-12-2023,14,java,,Issued,plz return on apr,01-15-2023,item11
1014,dd,03-13-2023,15,java,,Issued,plz return on apr,01-16-2023,item12
1015,rd,03-14-2023,16,java,,Issued,plz return on apr,01-17-2023,item13
1016,w,03-17-2023,17,java,,Issued,plz return on apr,01-18-2023,item14
1017,qq,03-18-2023,18,java,,PENDING,plz return on apr,01-19-2023,iteam1
1018,"""po""",03-19-2023,19,java,,PENDING,plz return on apr,01-20-2023,iteam2
1019,"""qw""",03-20-2023,20,java,,PENDING,plz return on apr,01-21-2023,iteam3
1020,tg,03-21-2023,21,java,,PENDING,plz return on apr,01-22-2023,iteam4
1021,hg,03-22-2023,22,java,,PENDING,plz return on apr,01-23-2023,iteam5
1022,ql,03-23-2023,23,java,,PENDING,plz return on apr,01-24-2023,iteam6
1023,kke,03-24-2023,24,java,,PENDING,plz return on apr,01-25-2023,iteam7
1024,jl,03-25-2023,25,java,,PENDING,plz return on apr,01-26-2023,item1
1025,"""hat""",03-26-2023,26,java,,PENDING,plz return on apr,01-27-2023,item2
1026,"""mat""",03-27-2023,27,java,,PENDING,plz return on apr,01-28-2023,item3
1019,"""ladder""",03-28-2023,28,devops,,PENDING,plz return on apr,01-29-2023,item4
1020,"""covo""",03-29-2023,29,iot,,PENDING,plz return on apr,01-30-2023,item5
1021,"""jjll""",03-30-2023,30,network,,PENDING,plz return on apr,01-31-2023,item1
1022,"""yyy""",03-31-2023,31,python,,PENDING,plz return on apr,02-01-2023,item2
1023,"""gfg""",04-01-2023,32,python,,PENDING,plz return on apr,02-02-2023,item3
1024,"""jjjll""",04-02-2023,33,python,,PENDING,plz return on apr,02-03-2023,item4
1025,"""iiuiu""",04-03-2023,100,python,,PENDING,plz return on apr,02-04-2023,item5
1026,"""ouy""",04-04-2023,67,python,,PENDING,plz return on apr,02-05-2023,item6
1019,"""fd""",04-05-2023,74,python,,PENDING,plz return on apr,02-06-2023,item7
1020,"""ds""",04-06-2023,56,python,,PENDING,plz return on apr,02-07-2023,item8
1019,"""govi""",04-07-2023,77,python,,PENDING,plz return on apr,02-08-2023,item9
1020,"""dsa""",04-08-2023,80,flask,,PENDING,plz return on apr,02-09-2023,item10
1021,"""hhjj""",04-09-2023,90,flask,,PENDING,plz return on apr,02-10-2023,item11
1022,"""tt""",04-10-2023,10,flask,,PENDING,plz return on apr,02-11-2023,item12
1023,"""fr""",04-11-2023,11,flask,,PENDING,plz return on apr,02-12-2023,item1
1024,"""de""",04-12-2023,12,flask,,PENDING,plz return on apr,02-13-2023,item2
1025,"""te""",04-13-2023,13,flask,,PENDING,plz return on apr,02-14-2023,item3
1026,"""kk""",04-14-2023,14,flask,,PENDING,plz return on apr,02-15-2023,item4
1027,"""ew""",04-15-2023,15,flask,,PENDING,plz return on apr,02-16-2023,item5
1028,"""poo""",04-16-2023,16,flask,,PENDING,plz return on apr,02-17-2023,item6
1029,"""poolo""",04-17-2023,17,flask,,PENDING,plz return on apr,02-18-2023,item7
1030,"""ola""",04-18-2023,18,C++,,PENDING,plz return on apr,02-19-2023,item8
1031,"""uber""",04-19-2023,19,Machine Learning,,PENDING,plz return on apr,02-20-2023,item9
1032,laddu,04-20-2023,20,Machine Learning,,PENDING,plz return on apr,02-21-2023,item10
1033,jeera,04-21-2023,21,Machine Learning,,PENDING,plz return on apr,02-22-2023,item11
1034,jehu,04-22-2023,22,Machine Learning,,PENDING,plz return on apr,02-23-2023,item12
1035,prachi,04-23-2023,23,Machine Learning,,PENDING,plz return on apr,02-24-2023,item1
1036,re,04-24-2023,24,Machine Learning,,PENDING,plz return on apr,02-25-2023,item2
1037,ggggggg,04-25-2023,25,Django,,PENDING,plz return on apr,02-26-2023,item3
1038,ter,04-26-2023,26,Django,,PENDING,plz return on apr,02-27-2023,item4
1039,root,04-27-2023,27,Django,,PENDING,plz return on apr,02-28-2023,item5
1040,k,04-28-2023,28,Django,,PENDING,plz return on apr,03-01-2023,item6
1041,m,04-29-2023,29,Django,,PENDING,plz return on apr,03-02-2023,item7
1042,n,04-30-2023,30,Django,,PENDING,plz return on apr,03-03-2023,item8
1043,fj,05-01-2023,31,Django,,PENDING,plz return on apr,03-04-2023,item9
1044,uuy,05-02-2023,32,"""PYTHON ADVANCE""",,PENDING,plz return on apr,03-05-2023,item10
1045,wew,05-03-2023,33,"""PYTHON ADVANCE""",,PENDING,plz return on apr,03-06-2023,item11
1046,eeeeee,05-04-2023,34,"""PYTHON ADVANCE""",,"""PENDING""",plz return on apr,03-07-2023,item12
1047,gtgt,05-05-2023,35,"""PYTHON ADVANCE""",,"""PENDING""",plz return on apr,03-08-2023,"item1,item2"